{"initial_reset_timestamp": 1610299862.611922, "timestamps": [1610299864.964112, 1610299865.9985495, 1610299866.9659567, 1610299867.8873398, 1610299868.8127377, 1610299869.7912846, 1610299870.7293594, 1610299871.557908, 1610299872.6365662, 1610299873.582647, 1610299874.5402608, 1610299875.4549212, 1610299876.3925676, 1610299877.2987683, 1610299878.2202566, 1610299879.1517699, 1610299880.1303906, 1610299881.0628595, 1610299882.05962, 1610299882.9518883, 1610299884.0058405, 1610299884.985963, 1610299885.8843699, 1610299886.7113216, 1610299887.6041665, 1610299888.535137, 1610299889.4630003, 1610299890.3159852, 1610299891.241506, 1610299892.1530328, 1610299892.9777126, 1610299893.964205, 1610299894.8840415, 1610299895.7327874, 1610299896.661064, 1610299897.6671607, 1610299898.6300554, 1610299899.4999459, 1610299900.3844404, 1610299901.3885589, 1610299902.249258, 1610299903.2231815, 1610299904.1271095, 1610299905.0324533, 1610299905.9622126, 1610299906.9120715, 1610299907.7705684, 1610299908.6730745, 1610299909.5871944, 1610299910.4520292, 1610299911.4148488, 1610299912.3197546, 1610299913.1329827, 1610299914.0810502, 1610299914.9961941, 1610299915.823428, 1610299916.7826338, 1610299917.6599348, 1610299918.5643535, 1610299919.540775, 1610299921.3012178, 1610299922.2191367, 1610299923.0668879, 1610299923.9901135, 1610299924.826169, 1610299925.9736278, 1610299926.8249586, 1610299927.7581208, 1610299928.5946043, 1610299929.4880528, 1610299930.4713974, 1610299931.353074, 1610299932.1955316, 1610299933.1186903, 1610299933.997074, 1610299934.9755142, 1610299935.8320138, 1610299936.7586381, 1610299937.6703272, 1610299938.4592242, 1610299939.4722211, 1610299940.3118527, 1610299941.2058904, 1610299942.0491858, 1610299942.9866343, 1610299943.8348596, 1610299944.7677422, 1610299945.6272953, 1610299946.6083963, 1610299947.4655035, 1610299948.4278033, 1610299949.274511, 1610299950.2392955, 1610299951.2440403, 1610299952.164462, 1610299953.131819, 1610299954.0193365, 1610299954.865525, 1610299955.7498145, 1610299956.7355282, 1610299957.7710896, 1610299958.6262686, 1610299959.549934, 1610299960.3536837, 1610299961.1728225, 1610299962.1005251, 1610299962.9420378, 1610299963.8399234, 1610299964.6453924, 1610299965.4631066, 1610299966.5228438, 1610299967.4416404, 1610299968.292014, 1610299969.1358316, 1610299970.041013, 1610299971.0098636, 1610299971.8256521, 1610299972.730319, 1610299973.5790045, 1610299974.4071326, 1610299975.318646, 1610299976.2352767, 1610299977.040887, 1610299977.976477, 1610299978.8284962], "episode_lengths": [30, 30, 30, 30, 30, 30, 30, 30, 30, 30, 30, 30, 30, 30, 30, 30, 30, 30, 30, 30, 24, 30, 30, 30, 30, 30, 30, 25, 30, 29, 30, 30, 30, 22, 30, 30, 30, 30, 30, 21, 18, 30, 27, 23, 29, 30, 30, 30, 17, 30, 16, 30, 26, 30, 30, 30, 16, 25, 30, 30, 18, 16, 17, 17, 14, 30, 30, 13, 20, 16, 21, 14, 18, 19, 30, 30, 19, 13, 30, 15, 30, 17, 17, 22, 20, 22, 22, 16, 19, 25, 30, 20, 17, 20, 21, 17, 22, 14, 13, 30, 16, 17, 18, 13, 14, 16, 24, 18, 15, 14, 18, 29, 18, 16, 30, 18, 14, 30, 12, 15, 14, 30, 19, 30, 17], "episode_rewards": [-17.22130569152689, -10.447141252183389, -12.426121718646195, -12.124455141175597, -12.2501965371881, -12.339651954024006, -15.716353249297185, -11.152521455546903, -9.084294810355328, -10.328553960004546, -5.916642085220363, -9.831928723260793, -11.040206482310117, -10.039884600598015, -10.130978128981797, -14.127363999999957, -11.608359443510547, -8.595596891229413, -13.100956789040715, -13.661878898383936, 4.645888478779739, -15.918351139258673, -8.440423008985913, -10.21194022930311, -7.290548946186936, -14.11997549199591, -10.21721636576763, 7.848511454482283, -5.523529470544977, 6.0668090762995135, -9.21277275010506, -9.09335117846587, -8.132136469593299, 8.889396694317803, -14.61199484283417, -5.623255550696928, -18.46068777689028, -16.415622222641222, -11.115740341214806, 10.03071191303777, 10.452007067387076, -13.883656135123289, 2.5846196066456137, 7.327841767147738, 2.549366937407161, -5.843585810412075, -7.773624985580079, -10.84001138923267, 10.640929224956057, -8.346119593495843, 10.640000563920733, -7.317253375148017, 5.374562466599016, -8.310676289423894, -7.629260786820248, -6.003567006665558, 10.671696190524429, 7.168757455201257, -4.850425830272959, -2.1123894951627147, 8.270641364751574, 10.541681477935276, 8.817780333205388, 10.192895138470028, 11.849024011583056, -16.249469440318478, -12.526882216751934, 13.046188699665565, 7.474041429826821, 9.9119017893696, 4.738693408092723, 11.66673737230776, 10.001029597191529, 10.152023827555336, -13.253813582804389, -14.706625030319891, 5.956581762586846, 11.857972268744188, -14.824447740196016, 10.59055102062891, -15.356346889519205, 7.959482597468565, 12.170975338714161, 5.197964056576554, 4.046076458050966, 2.6730409090667155, 4.915203585403282, 11.121490016919742, 9.781028793270558, 1.8782401338011203, -7.991235637287939, 8.967136383364432, 7.176452321254203, 7.112825095303474, 9.390086228837081, 7.9918104040136, 5.805790180174752, 11.336549018017191, 12.477910744157706, -16.436055715768227, 11.524040003178088, 9.949853896877265, 9.770583650202004, 12.067946354401734, 11.476321928775954, 9.942932087928746, 1.9413992263588637, 9.417950148741562, 12.761402034762051, 13.067627817814683, 8.852373709540583, -0.04663975013287569, 7.788569579862224, 11.154563715423768, -16.290967544464372, 8.014722424847756, 11.593887845629542, -15.805978566972843, 12.26066274781767, 11.411865821832965, 11.870230775303948, -16.692435579761227, 6.858770808762925, -4.230312239814507, 11.300249935363476], "episode_types": ["t", "t", "t", "t", "t", "t", "t", "t", "t", "t", "t", "t", "t", "t", "t", "t", "t", "t", "t", "t", "t", "t", "t", "t", "t", "t", "t", "t", "t", "t", "t", "t", "t", "t", "t", "t", "t", "t", "t", "t", "t", "t", "t", "t", "t", "t", "t", "t", "t", "t", "t", "t", "t", "t", "t", "t", "t", "t", "t", "t", "t", "t", "t", "t", "t", "t", "t", "t", "t", "t", "t", "t", "t", "t", "t", "t", "t", "t", "t", "t", "t", "t", "t", "t", "t", "t", "t", "t", "t", "t", "t", "t", "t", "t", "t", "t", "t", "t", "t", "t", "t", "t", "t", "t", "t", "t", "t", "t", "t", "t", "t", "t", "t", "t", "t", "t", "t", "t", "t", "t", "t", "t", "t", "t", "t", "t"]}